Workbook

Sheet Sheet3
B3: Column Labels
B4: Count of EmployeeID | H4: Count of ResignationReason | N4: Total Count of EmployeeID | O4: Total Count of ResignationReason
A5: Row Labels | B5: Better Opportunity | C5: Low Job Satisfaction | D5: Personal Reasons | E5: Retirement | F5: Work-life Balance | G5: (blank) | H5: Better Opportunity | I5: Low Job Satisfaction | J5: Personal Reasons | K5: Retirement | L5: Work-life Balance | M5: (blank)
A6: Finance | B6: 184 | C6: 189 | D6: 170 | E6: 173 | F6: 162 | H6: 184 | I6: 189 | J6: 170 | K6: 173 | L6: 162 | N6: 878 | O6: 878
A7: Accountant | B7: 90 | C7: 89 | D7: 84 | E7: 88 | F7: 91 | H7: 90 | I7: 89 | J7: 84 | K7: 88 | L7: 91 | N7: 442 | O7: 442
A8: Financial Analyst | B8: 94 | C8: 100 | D8: 86 | E8: 85 | F8: 71 | H8: 94 | I8: 100 | J8: 86 | K8: 85 | L8: 71 | N8: 436 | O8: 436
A9: HR | B9: 171 | C9: 149 | D9: 169 | E9: 166 | F9: 158 | H9: 171 | I9: 149 | J9: 169 | K9: 166 | L9: 158 | N9: 813 | O9: 813
A10: HR Manager | B10: 83 | C10: 71 | D10: 89 | E10: 85 | F10: 80 | H10: 83 | I10: 71 | J10: 89 | K10: 85 | L10: 80 | N10: 408 | O10: 408
A11: HR Specialist | B11: 88 | C11: 78 | D11: 80 | E11: 81 | F11: 78 | H11: 88 | I11: 78 | J11: 80 | K11: 81 | L11: 78 | N11: 405 | O11: 405
A12: IT | B12: 176 | C12: 168 | D12: 144 | E12: 164 | F12: 171 | H12: 176 | I12: 168 | J12: 144 | K12: 164 | L12: 171 | N12: 823 | O12: 823
A13: IT Support | B13: 51 | C13: 63 | D13: 46 | E13: 66 | F13: 56 | H13: 51 | I13: 63 | J13: 46 | K13: 66 | L13: 56 | N13: 282 | O13: 282
A14: Software Engineer | B14: 59 | C14: 57 | D14: 52 | E14: 47 | F14: 60 | H14: 59 | I14: 57 | J14: 52 | K14: 47 | L14: 60 | N14: 275 | O14: 275
A15: System Admin | B15: 66 | C15: 48 | D15: 46 | E15: 51 | F15: 55 | H15: 66 | I15: 48 | J15: 46 | K15: 51 | L15: 55 | N15: 266 | O15: 266
A16: Marketing | B16: 172 | C16: 158 | D16: 168 | E16: 164 | F16: 175 | H16: 172 | I16: 158 | J16: 168 | K16: 164 | L16: 175 | N16: 837 | O16: 837
A17: Marketing Executive | B17: 89 | C17: 88 | D17: 78 | E17: 87 | F17: 88 | H17: 89 | I17: 88 | J17: 78 | K17: 87 | L17: 88 | N17: 430 | O17: 430
... A24: Sales Manager | B24: 70 | C24: 80 | D24: 83 | E24: 82 | F24: 85 | H24: 70 | I24: 80 | J24: 83 | K24: 82 | L24: 85 | N24: 400 | O24: 400
A25: (blank)
A26: (blank)
A27: Grand Total | B27: 1017 | C27: 997 | D27: 982 | E27: 1004 | F27: 1000 | H27: 1017 | I27: 997 | J27: 982 | K27: 1004 | L27: 1000 | N27: 5000 | O27: 5000

Sheet Sheet1
A1: EmployeeID | B1: Name | C1: Gender | D1: Age | E1: Department | F1: JobRole | G1: DateOfJoining | H1: DateOfExit | I1: PerformanceRating | J1: ResignationReason | K1: LastWorkingLocation | L1: Tenure
A2: 1 | B2: Sneha Sharma | C2: Female | D2: 37 | E2: HR | F2: HR Specialist | G2: 39192 | H2: 45100 | I2: 5 | J2: Better Opportunity | K2: Chennai | L2: =(H2:H5001-G2:G5001)/365 -> 16.186301
A3: 2 | B3: Ravi Sharma | C3: Male | D3: 27 | E3: HR | F3: HR Specialist | G3: 42492 | H3: 45322 | I3: 1 | J3: Work-life Balance | K3: Hyderabad | L3: =(H3:H5002-G3:G5002)/365 -> 7.7534247
A4: 3 | B4: Vikas Singh | C4: Male | D4: 50 | E4: Marketing | F4: SEO Specialist | G4: 38406 | H4: 44987 | I4: 2 | J4: Retirement | K4: Bangalore | L4: =(H4:H5003-G4:G5003)/365 -> 18.030137
A5: 4 | B5: John Patel | C5: Male | D5: 43 | E5: Sales | F5: Sales Executive | G5: 41465 | H5: 42226 | I5: 3 | J5: Low Job Satisfaction | K5: Chennai | L5: =(H5:H5004-G5:G5004)/365 -> 2.0849315
A6: 5 | B6: John Sharma | C6: Female | D6: 56 | E6: Sales | F6: Sales Manager | G6: 38998 | H6: 43885 | I6: 3 | J6: Work-life Balance | K6: Kolkata | L6: =(H6:H5005-G6:G5005)/365 -> 13.389041
A7: 6 | B7: Priya Yadav | C7: Male | D7: 26 | E7: Sales | F7: Sales Executive | G7: 40723 | H7: 41741 | I7: 2 | J7: Better Opportunity | K7: Delhi | L7: =(H7:H5006-G7:G5006)/365 -> 2.7890411
A8: 7 | B8: John Gupta | C8: Female | D8: 32 | E8: IT | F8: System Admin | G8: 40069 | H8: 42621 | I8: 1 | J8: Work-life Balance | K8: Pune | L8: =(H8:H5007-G8:G5007)/365 -> 6.9917808
A9: 8 | B9: Amit Verma | C9: Male | D9: 32 | E9: Finance | F9: Accountant | G9: 40564 | H9: 45491 | I9: 2 | J9: Low Job Satisfaction | K9: Kolkata | L9: =(H9:H5008-G9:G5008)/365 -> 13.49863
A10: 9 | B10: Rahul Mehta | C10: Male | D10: 42 | E10: Finance | F10: Accountant | G10: 38895 | H10: 40988 | I10: 5 | J10: Low Job Satisfaction | K10: Hyderabad | L10: =(H10:H5009-G10:G5009)/365 -> 5.7342466
A11: 10 | B11: Neha Singh | C11: Female | D11: 31 | E11: IT | F11: Software Engineer | G11: 40373 | H11: 45336 | I11: 5 | J11: Low Job Satisfaction | K11: Pune | L11: =(H11:H5010-G11:G5010)/365 -> 13.59726
A12: 11 | B12: Anjali Singh | C12: Female | D12: 45 | E12: HR | F12: HR Specialist | G12: 42527 | H12: 44913 | I12: 1 | J12: Better Opportunity | K12: Kolkata | L12: =(H12:H5011-G12:G5011)/365 -> 6.5369863
A13: 12 | B13: Sneha Patel | C13: Male | D13: 49 | E13: Marketing | F13: Marketing Executive | G13: 41505 | H13: 43433 | I13: 5 | J13: Retirement | K13: Chennai | L13: =(H13:H5012-G13:G5012)/365 -> 5.2821918
... A5001: 5000 | B5001: Ravi Mehta | C5001: Male | D5001: 46 | E5001: Sales | F5001: Sales Executive | G5001: 42327 | H5001: 43460 | I5001: 1 | J5001: Low Job Satisfaction | K5001: Delhi | L5001: =(H5001:H10000-G5001:G10000)/365 -> 3.1041096

Sheet Sheet2
B3: Total Resignations: | C3: =COUNTA(Sheet1!A2:A5001) -> 5000
B4: Average Age at Resignation: | C4: =AVERAGE(Sheet1!D2:D5001) -> 40.8364
B5: Average Tenure: | C5: =AVERAGE(Sheet1!L2:L5001) -> 6.4709381
B6: Male | C6: =COUNTIF(Sheet1!C2:C5001,"Male") -> 2520
B7: Female | C7: =COUNTIF(Sheet1!C2:C5001,"FeMale") -> 2480

Sheet Sheet4
F5: 01 .Bar Chart – Resignations per Department
D31: 02. Line Chart – Yearly Resignation Trend
E57: Pie Chart – Reasons for Resignation
E85: 04. Stacked Column Chart – Gender distribution per Department
F109: 05. Scatter Plot – Age vs Tenure

Sheet Sheet5
